TDSFU Daily run: Sat Jun 21 07:57:25 UTC 2025 TDSFU
TDSFU Daily run: Sun Jun 22 04:42:22 UTC 2025 TDSFU
TDSFU Daily run: Mon Jun 23 04:46:28 UTC 2025 TDSFU
TDSFU Daily run: Tue Jun 24 04:42:54 UTC 2025 TDSFU
TDSFU Daily run: Wed Jun 25 04:43:00 UTC 2025 TDSFU
TDSFU Daily run: Thu Jun 26 04:42:52 UTC 2025 TDSFU
TDSFU Daily run: Fri Jun 27 04:41:33 UTC 2025 TDSFU
TDSFU Daily run: Sat Jun 28 04:39:35 UTC 2025 TDSFU
TDSFU Daily run: Sun Jun 29 04:48:49 UTC 2025 TDSFU
TDSFU Daily run: Mon Jun 30 04:45:41 UTC 2025 TDSFU
TDSFU Daily run: Tue Jul  1 04:49:10 UTC 2025 TDSFU
TDSFU Daily run: Wed Jul  2 04:43:01 UTC 2025 TDSFU
TDSFU Daily run: Thu Jul  3 04:45:00 UTC 2025 TDSFU
TDSFU Daily run: Fri Jul  4 04:44:16 UTC 2025 TDSFU
TDSFU Daily run: Sat Jul  5 04:40:37 UTC 2025 TDSFU
TDSFU Daily run: Sun Jul  6 04:44:59 UTC 2025 TDSFU
TDSFU Daily run: Mon Jul  7 04:46:22 UTC 2025 TDSFU
TDSFU Daily run: Tue Jul  8 04:42:40 UTC 2025 TDSFU
TDSFU Daily run: Wed Jul  9 04:46:11 UTC 2025 TDSFU
TDSFU Daily run: Thu Jul 10 04:44:59 UTC 2025 TDSFU
TDSFU Daily run: Fri Jul 11 04:49:00 UTC 2025 TDSFU
TDSFU Daily run: Sat Jul 12 04:43:25 UTC 2025 TDSFU
TDSFU Daily run: Sun Jul 13 04:48:03 UTC 2025 TDSFU
TDSFU Daily run: Mon Jul 14 04:51:58 UTC 2025 TDSFU
TDSFU Daily run: Tue Jul 15 04:50:41 UTC 2025 TDSFU
TDSFU Daily run: Wed Jul 16 04:50:36 UTC 2025 TDSFU
TDSFU Daily run: Thu Jul 17 04:50:30 UTC 2025 TDSFU
TDSFU Daily run: Fri Jul 18 04:52:18 UTC 2025 TDSFU
TDSFU Daily run: Sat Jul 19 04:43:23 UTC 2025 TDSFU
TDSFU Daily run: Sun Jul 20 04:52:30 UTC 2025 TDSFU
TDSFU Daily run: Mon Jul 21 04:53:32 UTC 2025 TDSFU
TDSFU Daily run: Tue Jul 22 04:50:22 UTC 2025 TDSFU
TDSFU Daily run: Wed Jul 23 04:52:29 UTC 2025 TDSFU
TDSFU Daily run: Thu Jul 24 04:50:59 UTC 2025 TDSFU
TDSFU Daily run: Fri Jul 25 04:51:21 UTC 2025 TDSFU
TDSFU Daily run: Sat Jul 26 04:49:11 UTC 2025 TDSFU
TDSFU Daily run: Sun Jul 27 04:53:24 UTC 2025 TDSFU
TDSFU Daily run: Mon Jul 28 04:55:49 UTC 2025 TDSFU
TDSFU Daily run: Tue Jul 29 04:56:15 UTC 2025 TDSFU
TDSFU Daily run: Wed Jul 30 04:54:43 UTC 2025 TDSFU
TDSFU Daily run: Thu Jul 31 04:53:06 UTC 2025 TDSFU
TDSFU Daily run: Fri Aug  1 05:01:04 UTC 2025 TDSFU
TDSFU Daily run: Sat Aug  2 04:48:20 UTC 2025 TDSFU
TDSFU Daily run: Sun Aug  3 04:57:07 UTC 2025 TDSFU
TDSFU Daily run: Mon Aug  4 05:05:25 UTC 2025 TDSFU
